{
	"objectName" : ["Column_01_59_Scene"],
	"texturePath" : ["Wall_Atlas_01_Dif"],
	"vertexPositions" : [19.564796,2.092304,33.256119,21.564798,2.092305,33.256119,21.564798,2.092304,35.256119,19.564796,2.092304,35.256119,19.564796,1.092304,35.256119,19.564796,1.092304,33.256119,21.564798,1.092304,33.256119,21.564798,1.092304,35.256119,19.564796,-3.907694,33.256119,19.564796,-3.907695,35.256119,21.564798,-3.907694,33.256119,21.564798,-3.907694,35.256119],
	"vertexTextureCoords" : [0.236488,0.605134,0.148085,0.515977,0.236488,0.515977,0.148085,0.605134,0.147867,0.888321,0.236512,0.844084,0.236512,0.888321,0.147867,0.844084,0.147867,0.888321,0.236512,0.844084,0.236512,0.888321,0.147867,0.844084,0.147867,0.888321,0.236512,0.844084,0.236512,0.888321,0.147867,0.844084,0.147867,0.888321,0.236512,0.844084,0.236512,0.888321,0.147867,0.844084,0.148061,0.612921,0.236512,0.834059,0.148061,0.834059,0.236512,0.612921,0.148061,0.612921,0.236512,0.834059,0.148061,0.834059,0.236512,0.612921,0.148061,0.612921,0.236512,0.834059,0.148061,0.834059,0.236512,0.612921,0.148061,0.612921,0.236512,0.834059,0.148061,0.834059,0.236512,0.612921],
	"indices" : [],
	"texIndices" : []
}